-- phpMyAdmin SQL Dump
-- version 5.0.2
-- https://www.phpmyadmin.net/
--
-- Host: 127.0.0.1:3306
-- Waktu pembuatan: 12 Agu 2022 pada 14.31
-- Versi server: 5.7.31
-- Versi PHP: 7.4.9

SET SQL_MODE = "NO_AUTO_VALUE_ON_ZERO";
START TRANSACTION;
SET time_zone = "+00:00";


/*!40101 SET @OLD_CHARACTER_SET_CLIENT=@@CHARACTER_SET_CLIENT */;
/*!40101 SET @OLD_CHARACTER_SET_RESULTS=@@CHARACTER_SET_RESULTS */;
/*!40101 SET @OLD_COLLATION_CONNECTION=@@COLLATION_CONNECTION */;
/*!40101 SET NAMES utf8mb4 */;

--
-- Database: `sekolah`
--

-- --------------------------------------------------------

--
-- Struktur dari tabel `actors`
--

DROP TABLE IF EXISTS `actors`;
CREATE TABLE IF NOT EXISTS `actors` (
  `actor_id` int(11) NOT NULL AUTO_INCREMENT,
  `role` varchar(128) NOT NULL,
  PRIMARY KEY (`actor_id`)
) ENGINE=InnoDB AUTO_INCREMENT=6 DEFAULT CHARSET=latin1;

--
-- Dumping data untuk tabel `actors`
--

INSERT INTO `actors` (`actor_id`, `role`) VALUES
(1, 'Super Administrator'),
(5, 'Admin Tata Usaha');

-- --------------------------------------------------------

--
-- Struktur dari tabel `actor_details`
--

DROP TABLE IF EXISTS `actor_details`;
CREATE TABLE IF NOT EXISTS `actor_details` (
  `detail_id` int(11) NOT NULL AUTO_INCREMENT,
  `actor_id` int(11) NOT NULL,
  `menu_id` int(11) NOT NULL,
  PRIMARY KEY (`detail_id`),
  KEY `actor_id` (`actor_id`),
  KEY `menu_id` (`menu_id`)
) ENGINE=InnoDB AUTO_INCREMENT=31 DEFAULT CHARSET=latin1;

--
-- Dumping data untuk tabel `actor_details`
--

INSERT INTO `actor_details` (`detail_id`, `actor_id`, `menu_id`) VALUES
(1, 1, 1),
(2, 1, 2),
(3, 1, 3),
(4, 1, 4),
(6, 1, 6),
(15, 5, 1),
(16, 5, 6),
(18, 5, 12),
(19, 5, 10),
(20, 5, 11),
(21, 5, 13),
(22, 1, 10),
(23, 1, 11),
(24, 1, 13),
(26, 1, 12),
(27, 1, 14),
(28, 1, 15),
(29, 1, 16),
(30, 1, 17);

-- --------------------------------------------------------

--
-- Struktur dari tabel `jenis_pembayaran`
--

DROP TABLE IF EXISTS `jenis_pembayaran`;
CREATE TABLE IF NOT EXISTS `jenis_pembayaran` (
  `id_akun` int(11) NOT NULL AUTO_INCREMENT,
  `kode_akun` varchar(8) NOT NULL,
  `nama_akun` varchar(128) NOT NULL,
  `is_active` tinyint(1) NOT NULL DEFAULT '1',
  PRIMARY KEY (`id_akun`)
) ENGINE=InnoDB AUTO_INCREMENT=3 DEFAULT CHARSET=latin1;

--
-- Dumping data untuk tabel `jenis_pembayaran`
--

INSERT INTO `jenis_pembayaran` (`id_akun`, `kode_akun`, `nama_akun`, `is_active`) VALUES
(1, 'P01', 'Biaya Modul', 1),
(2, 's1', 'ssiaaa', 0);

-- --------------------------------------------------------

--
-- Struktur dari tabel `kelas`
--

DROP TABLE IF EXISTS `kelas`;
CREATE TABLE IF NOT EXISTS `kelas` (
  `id_kelas` int(11) NOT NULL AUTO_INCREMENT,
  `tingkat` enum('7','8','9') NOT NULL DEFAULT '7',
  `label` char(1) NOT NULL,
  PRIMARY KEY (`id_kelas`)
) ENGINE=InnoDB AUTO_INCREMENT=8 DEFAULT CHARSET=latin1;

--
-- Dumping data untuk tabel `kelas`
--

INSERT INTO `kelas` (`id_kelas`, `tingkat`, `label`) VALUES
(1, '7', 'A'),
(2, '7', 'B'),
(3, '7', 'C'),
(4, '8', 'A'),
(7, '7', 'D');

-- --------------------------------------------------------

--
-- Struktur dari tabel `menus`
--

DROP TABLE IF EXISTS `menus`;
CREATE TABLE IF NOT EXISTS `menus` (
  `menu_id` int(11) NOT NULL AUTO_INCREMENT,
  `link` varchar(128) NOT NULL,
  `active_class` varchar(64) DEFAULT NULL,
  `icon` varchar(86) DEFAULT NULL,
  `label` varchar(128) NOT NULL,
  `type` enum('single','parent','child') NOT NULL DEFAULT 'single',
  `category` enum('top','master','transaksi','laporan','pengaturan') NOT NULL DEFAULT 'master',
  `parent_id` int(11) DEFAULT NULL,
  `order_no` int(11) NOT NULL DEFAULT '1',
  PRIMARY KEY (`menu_id`)
) ENGINE=InnoDB AUTO_INCREMENT=18 DEFAULT CHARSET=latin1;

--
-- Dumping data untuk tabel `menus`
--

INSERT INTO `menus` (`menu_id`, `link`, `active_class`, `icon`, `label`, `type`, `category`, `parent_id`, `order_no`) VALUES
(1, 'dashboard', 'dashboard', 'fas fa-window-restore', 'Dashboard', 'single', 'top', NULL, 1),
(2, 'menus', 'menus', 'fas fa-cube', 'Menu Sistem', 'single', 'pengaturan', NULL, 1),
(3, 'actors', 'actors', 'fas fa-user-secret', 'Hak Akses Pengguna', 'single', 'pengaturan', NULL, 2),
(4, 'users', 'users', 'fas fa-user', 'Pengguna Sistem', 'single', 'pengaturan', NULL, 3),
(6, 'siswa', 'siswa', 'fas fa-id-badge', 'Data Siswa', 'single', 'master', NULL, 2),
(10, 'kelas', 'kelas', 'fas fa-sitemap', 'Data Kelas', 'single', 'master', NULL, 0),
(11, 'paymentlist', 'paymentlist', 'fas fa-book', 'Manajemen Pembayaran', 'single', 'master', NULL, 3),
(12, 'tagihan', 'tagihan', 'fas fa-tag', 'Tagihan', 'parent', 'transaksi', NULL, 1),
(13, 'pembayaran', 'pembayaran', 'fas fa-marker', 'Pembayaran Tagihan', 'single', 'transaksi', NULL, 2),
(14, 'tagihan/index', 'tagihan', 'far fa-circle', 'Data Tagihan', 'child', 'transaksi', 12, 1),
(15, 'tagihan/add', 'tagihan', 'far fa-circle', 'Input Tagihan', 'child', 'transaksi', 12, 2),
(16, 'pembayaran/index', 'pembayaran', 'far fa-circle', 'Riwayat Pembayaran', 'child', 'transaksi', 13, 1),
(17, 'pembayaran/add', 'pembayaran', 'far fa-circle', 'Input Pembayaran', 'child', 'transaksi', 13, 2);

-- --------------------------------------------------------

--
-- Struktur dari tabel `pembayaran`
--

DROP TABLE IF EXISTS `pembayaran`;
CREATE TABLE IF NOT EXISTS `pembayaran` (
  `id_pembayaran` int(11) NOT NULL AUTO_INCREMENT,
  `id_tagihan` int(11) DEFAULT NULL,
  `nominal` int(11) NOT NULL,
  `waktu_transaksi` datetime NOT NULL DEFAULT CURRENT_TIMESTAMP ON UPDATE CURRENT_TIMESTAMP,
  `id_petugas` int(11) DEFAULT NULL,
  PRIMARY KEY (`id_pembayaran`),
  KEY `id_tagihan` (`id_tagihan`),
  KEY `id_petugas` (`id_petugas`)
) ENGINE=InnoDB DEFAULT CHARSET=latin1;

-- --------------------------------------------------------

--
-- Struktur dari tabel `riwayat_kelas`
--

DROP TABLE IF EXISTS `riwayat_kelas`;
CREATE TABLE IF NOT EXISTS `riwayat_kelas` (
  `id_riwayat` int(11) NOT NULL AUTO_INCREMENT,
  `id_siswa` int(11) DEFAULT NULL,
  `id_kelas` int(11) DEFAULT NULL,
  `waktu_perubahan` datetime NOT NULL DEFAULT CURRENT_TIMESTAMP,
  PRIMARY KEY (`id_riwayat`),
  KEY `id_siswa` (`id_siswa`),
  KEY `id_kelas` (`id_kelas`)
) ENGINE=InnoDB DEFAULT CHARSET=latin1;

-- --------------------------------------------------------

--
-- Struktur dari tabel `siswa`
--

DROP TABLE IF EXISTS `siswa`;
CREATE TABLE IF NOT EXISTS `siswa` (
  `id_siswa` int(11) NOT NULL AUTO_INCREMENT,
  `no_induk` varchar(64) NOT NULL,
  `nama` varchar(128) NOT NULL,
  `jenis_kelamin` enum('L','P') NOT NULL DEFAULT 'L',
  `id_kelas` int(11) DEFAULT NULL,
  PRIMARY KEY (`id_siswa`),
  KEY `id_kelas` (`id_kelas`)
) ENGINE=InnoDB AUTO_INCREMENT=3 DEFAULT CHARSET=latin1;

--
-- Dumping data untuk tabel `siswa`
--

INSERT INTO `siswa` (`id_siswa`, `no_induk`, `nama`, `jenis_kelamin`, `id_kelas`) VALUES
(1, '2022.06.0001', 'Riris Rovika', 'P', 1);

-- --------------------------------------------------------

--
-- Struktur dari tabel `tagihan`
--

DROP TABLE IF EXISTS `tagihan`;
CREATE TABLE IF NOT EXISTS `tagihan` (
  `id_tagihan` int(11) NOT NULL AUTO_INCREMENT,
  `id_akun` int(11) DEFAULT NULL,
  `catatan` text NOT NULL,
  `nominal` int(11) NOT NULL,
  `tenggat_waktu` date NOT NULL,
  `waktu_pembuatan` datetime NOT NULL DEFAULT CURRENT_TIMESTAMP,
  `waktu_perubahan` datetime NOT NULL DEFAULT CURRENT_TIMESTAMP ON UPDATE CURRENT_TIMESTAMP,
  `user_pembuat` int(11) DEFAULT NULL,
  `user_perubah` int(11) DEFAULT NULL,
  PRIMARY KEY (`id_tagihan`),
  KEY `id_akun` (`id_akun`)
) ENGINE=InnoDB DEFAULT CHARSET=latin1;

-- --------------------------------------------------------

--
-- Struktur dari tabel `tagihan_detail`
--

DROP TABLE IF EXISTS `tagihan_detail`;
CREATE TABLE IF NOT EXISTS `tagihan_detail` (
  `id_detail` int(11) NOT NULL AUTO_INCREMENT,
  `id_tagihan` int(11) DEFAULT NULL,
  `id_siswa` int(11) DEFAULT NULL,
  PRIMARY KEY (`id_detail`),
  KEY `id_tagihan` (`id_tagihan`),
  KEY `id_siswa` (`id_siswa`)
) ENGINE=InnoDB DEFAULT CHARSET=latin1;

-- --------------------------------------------------------

--
-- Struktur dari tabel `users`
--

DROP TABLE IF EXISTS `users`;
CREATE TABLE IF NOT EXISTS `users` (
  `user_id` int(11) NOT NULL AUTO_INCREMENT,
  `username` varchar(32) NOT NULL,
  `password` varchar(255) NOT NULL,
  `fullname` varchar(128) NOT NULL,
  `photo` varchar(255) NOT NULL,
  `actor_id` int(11) DEFAULT NULL,
  `is_active` tinyint(1) NOT NULL DEFAULT '1',
  PRIMARY KEY (`user_id`),
  KEY `actor_id` (`actor_id`)
) ENGINE=InnoDB AUTO_INCREMENT=5 DEFAULT CHARSET=latin1;

--
-- Dumping data untuk tabel `users`
--

INSERT INTO `users` (`user_id`, `username`, `password`, `fullname`, `photo`, `actor_id`, `is_active`) VALUES
(1, 'sora', '$2y$12$hqkumeSPFuokGghlH5czFu/0rO/qhF7BD.c0L/zflRN.rYrvm4aKe', 'Sofi Rahmatulloh', 'https://ess.pindad.com/assets/images/foto_pegawai_bumn/05817.jpg', 1, 1),
(3, 'frida', '$2y$12$3p/D12dJx2fJ6oO81K.Yme/bKRIT2FBCBejy4WUlgIpm9iZz4ssLy', 'Frida Mayasari', 'http://192.168.196.37:2812/uploads/avatar.jpg', NULL, 1),
(4, 'syahrizal', '$2y$12$hlN9zulZ4snNwv3GtYDKCeQwa5cFqizOOfHuxQBLh09prOm.j4K3S', 'Muh. Syahrizal Firdaus', 'https://ess.pindad.com/assets/images/foto_pegawai_bumn/05219.jpg', 5, 1);

-- --------------------------------------------------------

--
-- Struktur dari tabel `user_sessions`
--

DROP TABLE IF EXISTS `user_sessions`;
CREATE TABLE IF NOT EXISTS `user_sessions` (
  `id` varchar(128) NOT NULL,
  `ip_address` varchar(45) NOT NULL,
  `timestamp` int(10) UNSIGNED NOT NULL DEFAULT '0',
  `data` blob NOT NULL,
  KEY `ci_sessions_timestamp` (`timestamp`)
) ENGINE=MyISAM DEFAULT CHARSET=latin1;

--
-- Dumping data untuk tabel `user_sessions`
--

INSERT INTO `user_sessions` (`id`, `ip_address`, `timestamp`, `data`) VALUES
('acu2703384ld3q12l501i37bk2jki7qd', '::1', 1659500173, 0x5f5f63695f6c6173745f726567656e65726174657c693a313635393530303137333b757365725f69647c733a313a2231223b757365726e616d657c733a343a22736f7261223b66756c6c6e616d657c733a31363a22536f6669205261686d6174756c6c6f68223b6176617461727c733a36343a2268747470733a2f2f6573732e70696e6461642e636f6d2f6173736574732f696d616765732f666f746f5f706567617761695f62756d6e2f30353831372e6a7067223b69735f6c6f67696e7c623a313b6163746f725f69647c733a313a2231223b726f6c657c733a31393a2253757065722041646d696e6973747261746f72223b),
('64991sbs31l9b2v4ebhr6jobjucac48e', '::1', 1659499815, 0x5f5f63695f6c6173745f726567656e65726174657c693a313635393439393831353b757365725f69647c733a313a2231223b757365726e616d657c733a343a22736f7261223b66756c6c6e616d657c733a31363a22536f6669205261686d6174756c6c6f68223b6176617461727c733a36343a2268747470733a2f2f6573732e70696e6461642e636f6d2f6173736574732f696d616765732f666f746f5f706567617761695f62756d6e2f30353831372e6a7067223b69735f6c6f67696e7c623a313b6163746f725f69647c733a313a2231223b726f6c657c733a31393a2253757065722041646d696e6973747261746f72223b),
('4mfoeuumrsaql3a7kg1mkcul8djj4ojl', '::1', 1659499464, 0x5f5f63695f6c6173745f726567656e65726174657c693a313635393439393436343b757365725f69647c733a313a2231223b757365726e616d657c733a343a22736f7261223b66756c6c6e616d657c733a31363a22536f6669205261686d6174756c6c6f68223b6176617461727c733a36343a2268747470733a2f2f6573732e70696e6461642e636f6d2f6173736574732f696d616765732f666f746f5f706567617761695f62756d6e2f30353831372e6a7067223b69735f6c6f67696e7c623a313b6163746f725f69647c733a313a2231223b726f6c657c733a31393a2253757065722041646d696e6973747261746f72223b),
('kobhhglv4clt2vnondc3b56r41vb48j3', '::1', 1659498995, 0x5f5f63695f6c6173745f726567656e65726174657c693a313635393439383939353b757365725f69647c733a313a2231223b757365726e616d657c733a343a22736f7261223b66756c6c6e616d657c733a31363a22536f6669205261686d6174756c6c6f68223b6176617461727c733a36343a2268747470733a2f2f6573732e70696e6461642e636f6d2f6173736574732f696d616765732f666f746f5f706567617761695f62756d6e2f30353831372e6a7067223b69735f6c6f67696e7c623a313b6163746f725f69647c733a313a2231223b726f6c657c733a31393a2253757065722041646d696e6973747261746f72223b),
('cp0gdveld8qd106folej9c6uujf2peqs', '::1', 1659314799, 0x5f5f63695f6c6173745f726567656e65726174657c693a313635393331343736353b757365725f69647c733a313a2231223b757365726e616d657c733a343a22736f7261223b66756c6c6e616d657c733a31363a22536f6669205261686d6174756c6c6f68223b6176617461727c733a36343a2268747470733a2f2f6573732e70696e6461642e636f6d2f6173736574732f696d616765732f666f746f5f706567617761695f62756d6e2f30353831372e6a7067223b69735f6c6f67696e7c623a313b6163746f725f69647c733a313a2231223b726f6c657c733a31393a2253757065722041646d696e6973747261746f72223b),
('tpqddekp9c0h1ksj9vr31pqb5g0pgvf1', '::1', 1658980402, 0x5f5f63695f6c6173745f726567656e65726174657c693a313635383938303339353b757365725f69647c733a313a2231223b757365726e616d657c733a343a22736f7261223b66756c6c6e616d657c733a31363a22536f6669205261686d6174756c6c6f68223b6176617461727c733a36343a2268747470733a2f2f6573732e70696e6461642e636f6d2f6173736574732f696d616765732f666f746f5f706567617761695f62756d6e2f30353831372e6a7067223b69735f6c6f67696e7c623a313b6163746f725f69647c733a313a2231223b726f6c657c733a31393a2253757065722041646d696e6973747261746f72223b),
('u9er1mhnaip1g05s238nsnh8k6j3naco', '::1', 1658980141, 0x5f5f63695f6c6173745f726567656e65726174657c693a313635383938303134313b757365725f69647c733a313a2231223b757365726e616d657c733a343a22736f7261223b66756c6c6e616d657c733a31363a22536f6669205261686d6174756c6c6f68223b6176617461727c733a36343a2268747470733a2f2f6573732e70696e6461642e636f6d2f6173736574732f696d616765732f666f746f5f706567617761695f62756d6e2f30353831372e6a7067223b69735f6c6f67696e7c623a313b6163746f725f69647c733a313a2231223b726f6c657c733a31393a2253757065722041646d696e6973747261746f72223b),
('b9uau96djnf9aqbo7n86m130or3q54mo', '::1', 1658979790, 0x5f5f63695f6c6173745f726567656e65726174657c693a313635383937393739303b757365725f69647c733a313a2231223b757365726e616d657c733a343a22736f7261223b66756c6c6e616d657c733a31363a22536f6669205261686d6174756c6c6f68223b6176617461727c733a36343a2268747470733a2f2f6573732e70696e6461642e636f6d2f6173736574732f696d616765732f666f746f5f706567617761695f62756d6e2f30353831372e6a7067223b69735f6c6f67696e7c623a313b6163746f725f69647c733a313a2231223b726f6c657c733a31393a2253757065722041646d696e6973747261746f72223b),
('te4bhuah9pqbbjtc9qpr9h1baubsdike', '::1', 1658972469, 0x5f5f63695f6c6173745f726567656e65726174657c693a313635383937323436393b757365725f69647c733a313a2231223b757365726e616d657c733a343a22736f7261223b66756c6c6e616d657c733a31363a22536f6669205261686d6174756c6c6f68223b6176617461727c733a36343a2268747470733a2f2f6573732e70696e6461642e636f6d2f6173736574732f696d616765732f666f746f5f706567617761695f62756d6e2f30353831372e6a7067223b69735f6c6f67696e7c623a313b6163746f725f69647c733a313a2231223b726f6c657c733a31393a2253757065722041646d696e6973747261746f72223b),
('9ca9dchflnmb5bivkllh8qgu150jcmis', '::1', 1658973185, 0x5f5f63695f6c6173745f726567656e65726174657c693a313635383937333138353b757365725f69647c733a313a2231223b757365726e616d657c733a343a22736f7261223b66756c6c6e616d657c733a31363a22536f6669205261686d6174756c6c6f68223b6176617461727c733a36343a2268747470733a2f2f6573732e70696e6461642e636f6d2f6173736574732f696d616765732f666f746f5f706567617761695f62756d6e2f30353831372e6a7067223b69735f6c6f67696e7c623a313b6163746f725f69647c733a313a2231223b726f6c657c733a31393a2253757065722041646d696e6973747261746f72223b),
('ptb0vilprlu4qf4bekqvk2bph06k53at', '::1', 1658974011, 0x5f5f63695f6c6173745f726567656e65726174657c693a313635383937343031313b757365725f69647c733a313a2231223b757365726e616d657c733a343a22736f7261223b66756c6c6e616d657c733a31363a22536f6669205261686d6174756c6c6f68223b6176617461727c733a36343a2268747470733a2f2f6573732e70696e6461642e636f6d2f6173736574732f696d616765732f666f746f5f706567617761695f62756d6e2f30353831372e6a7067223b69735f6c6f67696e7c623a313b6163746f725f69647c733a313a2231223b726f6c657c733a31393a2253757065722041646d696e6973747261746f72223b),
('cncidqup1iliekdg8uvpjhlumv6tu8a8', '::1', 1658974823, 0x5f5f63695f6c6173745f726567656e65726174657c693a313635383937343832333b757365725f69647c733a313a2231223b757365726e616d657c733a343a22736f7261223b66756c6c6e616d657c733a31363a22536f6669205261686d6174756c6c6f68223b6176617461727c733a36343a2268747470733a2f2f6573732e70696e6461642e636f6d2f6173736574732f696d616765732f666f746f5f706567617761695f62756d6e2f30353831372e6a7067223b69735f6c6f67696e7c623a313b6163746f725f69647c733a313a2231223b726f6c657c733a31393a2253757065722041646d696e6973747261746f72223b),
('5epc5gdtkjad999e009sau6qr15q69ju', '::1', 1658975153, 0x5f5f63695f6c6173745f726567656e65726174657c693a313635383937353135333b757365725f69647c733a313a2231223b757365726e616d657c733a343a22736f7261223b66756c6c6e616d657c733a31363a22536f6669205261686d6174756c6c6f68223b6176617461727c733a36343a2268747470733a2f2f6573732e70696e6461642e636f6d2f6173736574732f696d616765732f666f746f5f706567617761695f62756d6e2f30353831372e6a7067223b69735f6c6f67696e7c623a313b6163746f725f69647c733a313a2231223b726f6c657c733a31393a2253757065722041646d696e6973747261746f72223b),
('qe8v7t7l1naj3icak5ipm0vl23e028sn', '::1', 1658976524, 0x5f5f63695f6c6173745f726567656e65726174657c693a313635383937363532343b757365725f69647c733a313a2231223b757365726e616d657c733a343a22736f7261223b66756c6c6e616d657c733a31363a22536f6669205261686d6174756c6c6f68223b6176617461727c733a36343a2268747470733a2f2f6573732e70696e6461642e636f6d2f6173736574732f696d616765732f666f746f5f706567617761695f62756d6e2f30353831372e6a7067223b69735f6c6f67696e7c623a313b6163746f725f69647c733a313a2231223b726f6c657c733a31393a2253757065722041646d696e6973747261746f72223b),
('g3crg7hkgg8uuuns6qj32totsinuue7u', '::1', 1658977162, 0x5f5f63695f6c6173745f726567656e65726174657c693a313635383937373136323b757365725f69647c733a313a2231223b757365726e616d657c733a343a22736f7261223b66756c6c6e616d657c733a31363a22536f6669205261686d6174756c6c6f68223b6176617461727c733a36343a2268747470733a2f2f6573732e70696e6461642e636f6d2f6173736574732f696d616765732f666f746f5f706567617761695f62756d6e2f30353831372e6a7067223b69735f6c6f67696e7c623a313b6163746f725f69647c733a313a2231223b726f6c657c733a31393a2253757065722041646d696e6973747261746f72223b),
('bdmdq123b3pfmg5ma1jh0s673cjrfnia', '::1', 1658977474, 0x5f5f63695f6c6173745f726567656e65726174657c693a313635383937373437343b757365725f69647c733a313a2231223b757365726e616d657c733a343a22736f7261223b66756c6c6e616d657c733a31363a22536f6669205261686d6174756c6c6f68223b6176617461727c733a36343a2268747470733a2f2f6573732e70696e6461642e636f6d2f6173736574732f696d616765732f666f746f5f706567617761695f62756d6e2f30353831372e6a7067223b69735f6c6f67696e7c623a313b6163746f725f69647c733a313a2231223b726f6c657c733a31393a2253757065722041646d696e6973747261746f72223b),
('aj5aa8rrctnh6gbdfpijtfmih93e5dke', '::1', 1658977960, 0x5f5f63695f6c6173745f726567656e65726174657c693a313635383937373936303b757365725f69647c733a313a2231223b757365726e616d657c733a343a22736f7261223b66756c6c6e616d657c733a31363a22536f6669205261686d6174756c6c6f68223b6176617461727c733a36343a2268747470733a2f2f6573732e70696e6461642e636f6d2f6173736574732f696d616765732f666f746f5f706567617761695f62756d6e2f30353831372e6a7067223b69735f6c6f67696e7c623a313b6163746f725f69647c733a313a2231223b726f6c657c733a31393a2253757065722041646d696e6973747261746f72223b),
('m93ieg3838cbk253siohfj3c3ulueg0r', '::1', 1658978327, 0x5f5f63695f6c6173745f726567656e65726174657c693a313635383937383332373b757365725f69647c733a313a2231223b757365726e616d657c733a343a22736f7261223b66756c6c6e616d657c733a31363a22536f6669205261686d6174756c6c6f68223b6176617461727c733a36343a2268747470733a2f2f6573732e70696e6461642e636f6d2f6173736574732f696d616765732f666f746f5f706567617761695f62756d6e2f30353831372e6a7067223b69735f6c6f67696e7c623a313b6163746f725f69647c733a313a2231223b726f6c657c733a31393a2253757065722041646d696e6973747261746f72223b),
('rkloi5d9shmioadfie5h7aof3emrsmcu', '::1', 1658979488, 0x5f5f63695f6c6173745f726567656e65726174657c693a313635383937393438383b757365725f69647c733a313a2231223b757365726e616d657c733a343a22736f7261223b66756c6c6e616d657c733a31363a22536f6669205261686d6174756c6c6f68223b6176617461727c733a36343a2268747470733a2f2f6573732e70696e6461642e636f6d2f6173736574732f696d616765732f666f746f5f706567617761695f62756d6e2f30353831372e6a7067223b69735f6c6f67696e7c623a313b6163746f725f69647c733a313a2231223b726f6c657c733a31393a2253757065722041646d696e6973747261746f72223b),
('ib8e24kr04irm8hcsujdktubl52o7sc3', '::1', 1659502780, 0x5f5f63695f6c6173745f726567656e65726174657c693a313635393530323738303b757365725f69647c733a313a2231223b757365726e616d657c733a343a22736f7261223b66756c6c6e616d657c733a31363a22536f6669205261686d6174756c6c6f68223b6176617461727c733a36343a2268747470733a2f2f6573732e70696e6461642e636f6d2f6173736574732f696d616765732f666f746f5f706567617761695f62756d6e2f30353831372e6a7067223b69735f6c6f67696e7c623a313b6163746f725f69647c733a313a2231223b726f6c657c733a31393a2253757065722041646d696e6973747261746f72223b),
('d2cdemlid7tehp963952d64pr12vcria', '::1', 1659503181, 0x5f5f63695f6c6173745f726567656e65726174657c693a313635393530333138313b757365725f69647c733a313a2231223b757365726e616d657c733a343a22736f7261223b66756c6c6e616d657c733a31363a22536f6669205261686d6174756c6c6f68223b6176617461727c733a36343a2268747470733a2f2f6573732e70696e6461642e636f6d2f6173736574732f696d616765732f666f746f5f706567617761695f62756d6e2f30353831372e6a7067223b69735f6c6f67696e7c623a313b6163746f725f69647c733a313a2231223b726f6c657c733a31393a2253757065722041646d696e6973747261746f72223b),
('j2ap00sd36ldsgu7g7jlschrd4rpbvr4', '::1', 1659504662, 0x5f5f63695f6c6173745f726567656e65726174657c693a313635393530343636323b757365725f69647c733a313a2231223b757365726e616d657c733a343a22736f7261223b66756c6c6e616d657c733a31363a22536f6669205261686d6174756c6c6f68223b6176617461727c733a36343a2268747470733a2f2f6573732e70696e6461642e636f6d2f6173736574732f696d616765732f666f746f5f706567617761695f62756d6e2f30353831372e6a7067223b69735f6c6f67696e7c623a313b6163746f725f69647c733a313a2231223b726f6c657c733a31393a2253757065722041646d696e6973747261746f72223b),
('qvvfe4dco5pafj2dsj6iladhckf56p7h', '::1', 1659505079, 0x5f5f63695f6c6173745f726567656e65726174657c693a313635393530353037393b757365725f69647c733a313a2231223b757365726e616d657c733a343a22736f7261223b66756c6c6e616d657c733a31363a22536f6669205261686d6174756c6c6f68223b6176617461727c733a36343a2268747470733a2f2f6573732e70696e6461642e636f6d2f6173736574732f696d616765732f666f746f5f706567617761695f62756d6e2f30353831372e6a7067223b69735f6c6f67696e7c623a313b6163746f725f69647c733a313a2231223b726f6c657c733a31393a2253757065722041646d696e6973747261746f72223b),
('dgpvf6qvj42q5kh0iuv2kch5oc1678rr', '::1', 1659505414, 0x5f5f63695f6c6173745f726567656e65726174657c693a313635393530353431343b757365725f69647c733a313a2231223b757365726e616d657c733a343a22736f7261223b66756c6c6e616d657c733a31363a22536f6669205261686d6174756c6c6f68223b6176617461727c733a36343a2268747470733a2f2f6573732e70696e6461642e636f6d2f6173736574732f696d616765732f666f746f5f706567617761695f62756d6e2f30353831372e6a7067223b69735f6c6f67696e7c623a313b6163746f725f69647c733a313a2231223b726f6c657c733a31393a2253757065722041646d696e6973747261746f72223b),
('6io35ng2lscg70emhef60onpue6hn0a6', '::1', 1659510805, 0x5f5f63695f6c6173745f726567656e65726174657c693a313635393531303830353b757365725f69647c733a313a2231223b757365726e616d657c733a343a22736f7261223b66756c6c6e616d657c733a31363a22536f6669205261686d6174756c6c6f68223b6176617461727c733a36343a2268747470733a2f2f6573732e70696e6461642e636f6d2f6173736574732f696d616765732f666f746f5f706567617761695f62756d6e2f30353831372e6a7067223b69735f6c6f67696e7c623a313b6163746f725f69647c733a313a2231223b726f6c657c733a31393a2253757065722041646d696e6973747261746f72223b),
('qu33e3msedbvkkcskot5eg9klrlhft2n', '::1', 1659512689, 0x5f5f63695f6c6173745f726567656e65726174657c693a313635393531323638393b757365725f69647c733a313a2231223b757365726e616d657c733a343a22736f7261223b66756c6c6e616d657c733a31363a22536f6669205261686d6174756c6c6f68223b6176617461727c733a36343a2268747470733a2f2f6573732e70696e6461642e636f6d2f6173736574732f696d616765732f666f746f5f706567617761695f62756d6e2f30353831372e6a7067223b69735f6c6f67696e7c623a313b6163746f725f69647c733a313a2231223b726f6c657c733a31393a2253757065722041646d696e6973747261746f72223b),
('aaereol3fgjqqps299prl9iho79mjm8m', '::1', 1659513256, 0x5f5f63695f6c6173745f726567656e65726174657c693a313635393531333235363b757365725f69647c733a313a2231223b757365726e616d657c733a343a22736f7261223b66756c6c6e616d657c733a31363a22536f6669205261686d6174756c6c6f68223b6176617461727c733a36343a2268747470733a2f2f6573732e70696e6461642e636f6d2f6173736574732f696d616765732f666f746f5f706567617761695f62756d6e2f30353831372e6a7067223b69735f6c6f67696e7c623a313b6163746f725f69647c733a313a2231223b726f6c657c733a31393a2253757065722041646d696e6973747261746f72223b),
('f3gtj5kd8fc0rfm90h481pd0kddd6nft', '::1', 1659513345, 0x5f5f63695f6c6173745f726567656e65726174657c693a313635393531333235363b757365725f69647c733a313a2231223b757365726e616d657c733a343a22736f7261223b66756c6c6e616d657c733a31363a22536f6669205261686d6174756c6c6f68223b6176617461727c733a36343a2268747470733a2f2f6573732e70696e6461642e636f6d2f6173736574732f696d616765732f666f746f5f706567617761695f62756d6e2f30353831372e6a7067223b69735f6c6f67696e7c623a313b6163746f725f69647c733a313a2231223b726f6c657c733a31393a2253757065722041646d696e6973747261746f72223b),
('ho9q8sgu3q3m9gsau844vl21vs3jfav5', '::1', 1659597581, 0x5f5f63695f6c6173745f726567656e65726174657c693a313635393539373538313b757365725f69647c733a313a2231223b757365726e616d657c733a343a22736f7261223b66756c6c6e616d657c733a31363a22536f6669205261686d6174756c6c6f68223b6176617461727c733a36343a2268747470733a2f2f6573732e70696e6461642e636f6d2f6173736574732f696d616765732f666f746f5f706567617761695f62756d6e2f30353831372e6a7067223b69735f6c6f67696e7c623a313b6163746f725f69647c733a313a2231223b726f6c657c733a31393a2253757065722041646d696e6973747261746f72223b),
('kmbp9ds0a7m9kpcvqj43m38dhdk3nu9e', '::1', 1659598168, 0x5f5f63695f6c6173745f726567656e65726174657c693a313635393539383136383b757365725f69647c733a313a2231223b757365726e616d657c733a343a22736f7261223b66756c6c6e616d657c733a31363a22536f6669205261686d6174756c6c6f68223b6176617461727c733a36343a2268747470733a2f2f6573732e70696e6461642e636f6d2f6173736574732f696d616765732f666f746f5f706567617761695f62756d6e2f30353831372e6a7067223b69735f6c6f67696e7c623a313b6163746f725f69647c733a313a2231223b726f6c657c733a31393a2253757065722041646d696e6973747261746f72223b),
('fj23k3u36ebuqb63t82st2c8n5i25c9i', '::1', 1659598515, 0x5f5f63695f6c6173745f726567656e65726174657c693a313635393539383531353b757365725f69647c733a313a2231223b757365726e616d657c733a343a22736f7261223b66756c6c6e616d657c733a31363a22536f6669205261686d6174756c6c6f68223b6176617461727c733a36343a2268747470733a2f2f6573732e70696e6461642e636f6d2f6173736574732f696d616765732f666f746f5f706567617761695f62756d6e2f30353831372e6a7067223b69735f6c6f67696e7c623a313b6163746f725f69647c733a313a2231223b726f6c657c733a31393a2253757065722041646d696e6973747261746f72223b),
('3b0r8no47quaa51tu6isomkesdtqalrr', '::1', 1659598822, 0x5f5f63695f6c6173745f726567656e65726174657c693a313635393539383832323b757365725f69647c733a313a2231223b757365726e616d657c733a343a22736f7261223b66756c6c6e616d657c733a31363a22536f6669205261686d6174756c6c6f68223b6176617461727c733a36343a2268747470733a2f2f6573732e70696e6461642e636f6d2f6173736574732f696d616765732f666f746f5f706567617761695f62756d6e2f30353831372e6a7067223b69735f6c6f67696e7c623a313b6163746f725f69647c733a313a2231223b726f6c657c733a31393a2253757065722041646d696e6973747261746f72223b),
('bvq8onaahg36e7o3vtljh1hn64bun5ea', '::1', 1659599914, 0x5f5f63695f6c6173745f726567656e65726174657c693a313635393539393931343b757365725f69647c733a313a2231223b757365726e616d657c733a343a22736f7261223b66756c6c6e616d657c733a31363a22536f6669205261686d6174756c6c6f68223b6176617461727c733a36343a2268747470733a2f2f6573732e70696e6461642e636f6d2f6173736574732f696d616765732f666f746f5f706567617761695f62756d6e2f30353831372e6a7067223b69735f6c6f67696e7c623a313b6163746f725f69647c733a313a2231223b726f6c657c733a31393a2253757065722041646d696e6973747261746f72223b),
('qkl72mhlsvluv2cmqgoig1a28dns5dvn', '::1', 1659600289, 0x5f5f63695f6c6173745f726567656e65726174657c693a313635393630303238393b757365725f69647c733a313a2231223b757365726e616d657c733a343a22736f7261223b66756c6c6e616d657c733a31363a22536f6669205261686d6174756c6c6f68223b6176617461727c733a36343a2268747470733a2f2f6573732e70696e6461642e636f6d2f6173736574732f696d616765732f666f746f5f706567617761695f62756d6e2f30353831372e6a7067223b69735f6c6f67696e7c623a313b6163746f725f69647c733a313a2231223b726f6c657c733a31393a2253757065722041646d696e6973747261746f72223b),
('m5ofnbg5a6diqrpd517m5lme1p4utm0i', '::1', 1659600578, 0x5f5f63695f6c6173745f726567656e65726174657c693a313635393630303238393b757365725f69647c733a313a2231223b757365726e616d657c733a343a22736f7261223b66756c6c6e616d657c733a31363a22536f6669205261686d6174756c6c6f68223b6176617461727c733a36343a2268747470733a2f2f6573732e70696e6461642e636f6d2f6173736574732f696d616765732f666f746f5f706567617761695f62756d6e2f30353831372e6a7067223b69735f6c6f67696e7c623a313b6163746f725f69647c733a313a2231223b726f6c657c733a31393a2253757065722041646d696e6973747261746f72223b),
('4sqgh6flfkl1n1no73i0dm3cpdmo633q', '::1', 1659662846, 0x5f5f63695f6c6173745f726567656e65726174657c693a313635393636323834363b757365725f69647c733a313a2231223b757365726e616d657c733a343a22736f7261223b66756c6c6e616d657c733a31363a22536f6669205261686d6174756c6c6f68223b6176617461727c733a36343a2268747470733a2f2f6573732e70696e6461642e636f6d2f6173736574732f696d616765732f666f746f5f706567617761695f62756d6e2f30353831372e6a7067223b69735f6c6f67696e7c623a313b6163746f725f69647c733a313a2231223b726f6c657c733a31393a2253757065722041646d696e6973747261746f72223b),
('4blp36dhebf3t1quulrhmu2vlj5q0glc', '::1', 1659665223, 0x5f5f63695f6c6173745f726567656e65726174657c693a313635393636353232333b757365725f69647c733a313a2231223b757365726e616d657c733a343a22736f7261223b66756c6c6e616d657c733a31363a22536f6669205261686d6174756c6c6f68223b6176617461727c733a36343a2268747470733a2f2f6573732e70696e6461642e636f6d2f6173736574732f696d616765732f666f746f5f706567617761695f62756d6e2f30353831372e6a7067223b69735f6c6f67696e7c623a313b6163746f725f69647c733a313a2231223b726f6c657c733a31393a2253757065722041646d696e6973747261746f72223b),
('c6knt8q45cqavn174juolnrf0n2v4omg', '::1', 1659665538, 0x5f5f63695f6c6173745f726567656e65726174657c693a313635393636353533383b757365725f69647c733a313a2231223b757365726e616d657c733a343a22736f7261223b66756c6c6e616d657c733a31363a22536f6669205261686d6174756c6c6f68223b6176617461727c733a36343a2268747470733a2f2f6573732e70696e6461642e636f6d2f6173736574732f696d616765732f666f746f5f706567617761695f62756d6e2f30353831372e6a7067223b69735f6c6f67696e7c623a313b6163746f725f69647c733a313a2231223b726f6c657c733a31393a2253757065722041646d696e6973747261746f72223b),
('n22u764q649dfp30p507b8mhrpjcco5l', '::1', 1659666076, 0x5f5f63695f6c6173745f726567656e65726174657c693a313635393636363037363b757365725f69647c733a313a2231223b757365726e616d657c733a343a22736f7261223b66756c6c6e616d657c733a31363a22536f6669205261686d6174756c6c6f68223b6176617461727c733a36343a2268747470733a2f2f6573732e70696e6461642e636f6d2f6173736574732f696d616765732f666f746f5f706567617761695f62756d6e2f30353831372e6a7067223b69735f6c6f67696e7c623a313b6163746f725f69647c733a313a2231223b726f6c657c733a31393a2253757065722041646d696e6973747261746f72223b),
('3gfq89glje7inje5qs88uk552moe97v1', '::1', 1659666574, 0x5f5f63695f6c6173745f726567656e65726174657c693a313635393636363537343b757365725f69647c733a313a2231223b757365726e616d657c733a343a22736f7261223b66756c6c6e616d657c733a31363a22536f6669205261686d6174756c6c6f68223b6176617461727c733a36343a2268747470733a2f2f6573732e70696e6461642e636f6d2f6173736574732f696d616765732f666f746f5f706567617761695f62756d6e2f30353831372e6a7067223b69735f6c6f67696e7c623a313b6163746f725f69647c733a313a2231223b726f6c657c733a31393a2253757065722041646d696e6973747261746f72223b),
('n5rm2lnjjue3trbm5qm8qhafc4tks5a1', '::1', 1659667731, 0x5f5f63695f6c6173745f726567656e65726174657c693a313635393636373733313b757365725f69647c733a313a2231223b757365726e616d657c733a343a22736f7261223b66756c6c6e616d657c733a31363a22536f6669205261686d6174756c6c6f68223b6176617461727c733a36343a2268747470733a2f2f6573732e70696e6461642e636f6d2f6173736574732f696d616765732f666f746f5f706567617761695f62756d6e2f30353831372e6a7067223b69735f6c6f67696e7c623a313b6163746f725f69647c733a313a2231223b726f6c657c733a31393a2253757065722041646d696e6973747261746f72223b),
('vtklojpvfuqjiqklr2rghsdbk60d8u15', '::1', 1659668104, 0x5f5f63695f6c6173745f726567656e65726174657c693a313635393636383130343b757365725f69647c733a313a2231223b757365726e616d657c733a343a22736f7261223b66756c6c6e616d657c733a31363a22536f6669205261686d6174756c6c6f68223b6176617461727c733a36343a2268747470733a2f2f6573732e70696e6461642e636f6d2f6173736574732f696d616765732f666f746f5f706567617761695f62756d6e2f30353831372e6a7067223b69735f6c6f67696e7c623a313b6163746f725f69647c733a313a2231223b726f6c657c733a31393a2253757065722041646d696e6973747261746f72223b),
('6jct506j9141ou9rprn287208lc85i5i', '::1', 1659682864, 0x5f5f63695f6c6173745f726567656e65726174657c693a313635393638323836343b757365725f69647c733a313a2231223b757365726e616d657c733a343a22736f7261223b66756c6c6e616d657c733a31363a22536f6669205261686d6174756c6c6f68223b6176617461727c733a36343a2268747470733a2f2f6573732e70696e6461642e636f6d2f6173736574732f696d616765732f666f746f5f706567617761695f62756d6e2f30353831372e6a7067223b69735f6c6f67696e7c623a313b6163746f725f69647c733a313a2231223b726f6c657c733a31393a2253757065722041646d696e6973747261746f72223b),
('54cadd5kn21s41p8lfskhh80nbpt0to4', '::1', 1659683892, 0x5f5f63695f6c6173745f726567656e65726174657c693a313635393638333839323b757365725f69647c733a313a2231223b757365726e616d657c733a343a22736f7261223b66756c6c6e616d657c733a31363a22536f6669205261686d6174756c6c6f68223b6176617461727c733a36343a2268747470733a2f2f6573732e70696e6461642e636f6d2f6173736574732f696d616765732f666f746f5f706567617761695f62756d6e2f30353831372e6a7067223b69735f6c6f67696e7c623a313b6163746f725f69647c733a313a2231223b726f6c657c733a31393a2253757065722041646d696e6973747261746f72223b),
('5v7d21mibr8p01lhmajkekk8icegn5eg', '::1', 1659684207, 0x5f5f63695f6c6173745f726567656e65726174657c693a313635393638343230373b757365725f69647c733a313a2231223b757365726e616d657c733a343a22736f7261223b66756c6c6e616d657c733a31363a22536f6669205261686d6174756c6c6f68223b6176617461727c733a36343a2268747470733a2f2f6573732e70696e6461642e636f6d2f6173736574732f696d616765732f666f746f5f706567617761695f62756d6e2f30353831372e6a7067223b69735f6c6f67696e7c623a313b6163746f725f69647c733a313a2231223b726f6c657c733a31393a2253757065722041646d696e6973747261746f72223b),
('grd3679c00u1jljfsns6aav0si48kf42', '::1', 1659684588, 0x5f5f63695f6c6173745f726567656e65726174657c693a313635393638343538383b757365725f69647c733a313a2231223b757365726e616d657c733a343a22736f7261223b66756c6c6e616d657c733a31363a22536f6669205261686d6174756c6c6f68223b6176617461727c733a36343a2268747470733a2f2f6573732e70696e6461642e636f6d2f6173736574732f696d616765732f666f746f5f706567617761695f62756d6e2f30353831372e6a7067223b69735f6c6f67696e7c623a313b6163746f725f69647c733a313a2231223b726f6c657c733a31393a2253757065722041646d696e6973747261746f72223b),
('o156ibf2vndmgst8l815uhrlrbsmmn5g', '::1', 1659684905, 0x5f5f63695f6c6173745f726567656e65726174657c693a313635393638343930353b757365725f69647c733a313a2231223b757365726e616d657c733a343a22736f7261223b66756c6c6e616d657c733a31363a22536f6669205261686d6174756c6c6f68223b6176617461727c733a36343a2268747470733a2f2f6573732e70696e6461642e636f6d2f6173736574732f696d616765732f666f746f5f706567617761695f62756d6e2f30353831372e6a7067223b69735f6c6f67696e7c623a313b6163746f725f69647c733a313a2231223b726f6c657c733a31393a2253757065722041646d696e6973747261746f72223b),
('0tj8tg2i0i1kdg2fhf37thbh1dml691h', '::1', 1659685261, 0x5f5f63695f6c6173745f726567656e65726174657c693a313635393638353236313b757365725f69647c733a313a2231223b757365726e616d657c733a343a22736f7261223b66756c6c6e616d657c733a31363a22536f6669205261686d6174756c6c6f68223b6176617461727c733a36343a2268747470733a2f2f6573732e70696e6461642e636f6d2f6173736574732f696d616765732f666f746f5f706567617761695f62756d6e2f30353831372e6a7067223b69735f6c6f67696e7c623a313b6163746f725f69647c733a313a2231223b726f6c657c733a31393a2253757065722041646d696e6973747261746f72223b),
('8hlunajnguq8blk0aejh28g6umgkek6f', '::1', 1659685377, 0x5f5f63695f6c6173745f726567656e65726174657c693a313635393638353236313b757365725f69647c733a313a2231223b757365726e616d657c733a343a22736f7261223b66756c6c6e616d657c733a31363a22536f6669205261686d6174756c6c6f68223b6176617461727c733a36343a2268747470733a2f2f6573732e70696e6461642e636f6d2f6173736574732f696d616765732f666f746f5f706567617761695f62756d6e2f30353831372e6a7067223b69735f6c6f67696e7c623a313b6163746f725f69647c733a313a2231223b726f6c657c733a31393a2253757065722041646d696e6973747261746f72223b),
('n2n94hhi8h3n80eblp0lesnmngffkdru', '::1', 1659853246, 0x5f5f63695f6c6173745f726567656e65726174657c693a313635393835333234363b757365725f69647c733a313a2231223b757365726e616d657c733a343a22736f7261223b66756c6c6e616d657c733a31363a22536f6669205261686d6174756c6c6f68223b6176617461727c733a36343a2268747470733a2f2f6573732e70696e6461642e636f6d2f6173736574732f696d616765732f666f746f5f706567617761695f62756d6e2f30353831372e6a7067223b69735f6c6f67696e7c623a313b6163746f725f69647c733a313a2231223b726f6c657c733a31393a2253757065722041646d696e6973747261746f72223b),
('3fjintpr6mlie0oakbahov11kj9mbhpa', '::1', 1659855219, 0x5f5f63695f6c6173745f726567656e65726174657c693a313635393835353231333b757365725f69647c733a313a2234223b757365726e616d657c733a393a227379616872697a616c223b66756c6c6e616d657c733a31363a224d75682e205379616872697a616c2046223b6176617461727c733a36343a2268747470733a2f2f6573732e70696e6461642e636f6d2f6173736574732f696d616765732f666f746f5f706567617761695f62756d6e2f30353231392e6a7067223b69735f6c6f67696e7c623a313b6163746f725f69647c733a313a2235223b726f6c657c733a31363a2241646d696e2054617461205573616861223b),
('kk2j798f2ugo15smnahlo78k4ugdol8h', '::1', 1659854779, 0x5f5f63695f6c6173745f726567656e65726174657c693a313635393835343737393b757365725f69647c733a313a2231223b757365726e616d657c733a343a22736f7261223b66756c6c6e616d657c733a31363a22536f6669205261686d6174756c6c6f68223b6176617461727c733a36343a2268747470733a2f2f6573732e70696e6461642e636f6d2f6173736574732f696d616765732f666f746f5f706567617761695f62756d6e2f30353831372e6a7067223b69735f6c6f67696e7c623a313b6163746f725f69647c733a313a2231223b726f6c657c733a31393a2253757065722041646d696e6973747261746f72223b),
('2n9pt11ktpk3u78p4345rvfvg2n8ra83', '::1', 1659855213, 0x5f5f63695f6c6173745f726567656e65726174657c693a313635393835353231333b757365725f69647c733a313a2234223b757365726e616d657c733a393a227379616872697a616c223b66756c6c6e616d657c733a31363a224d75682e205379616872697a616c2046223b6176617461727c733a36343a2268747470733a2f2f6573732e70696e6461642e636f6d2f6173736574732f696d616765732f666f746f5f706567617761695f62756d6e2f30353231392e6a7067223b69735f6c6f67696e7c623a313b6163746f725f69647c733a313a2235223b726f6c657c733a31363a2241646d696e2054617461205573616861223b),
('3d56o3ses78sr96fhggf36529qlc6v5p', '::1', 1659924584, 0x5f5f63695f6c6173745f726567656e65726174657c693a313635393932343538343b),
('l7vdel0hih3sdhesb3f66hc13isi94k2', '::1', 1660005715, 0x5f5f63695f6c6173745f726567656e65726174657c693a313636303030353731353b757365725f69647c733a313a2231223b757365726e616d657c733a343a22736f7261223b66756c6c6e616d657c733a31363a22536f6669205261686d6174756c6c6f68223b6176617461727c733a36343a2268747470733a2f2f6573732e70696e6461642e636f6d2f6173736574732f696d616765732f666f746f5f706567617761695f62756d6e2f30353831372e6a7067223b69735f6c6f67696e7c623a313b6163746f725f69647c733a313a2231223b726f6c657c733a31393a2253757065722041646d696e6973747261746f72223b),
('9rso3fa5adigcqpjhbbbc5ev4r57qt8a', '::1', 1660005798, 0x5f5f63695f6c6173745f726567656e65726174657c693a313636303030353731353b757365725f69647c733a313a2231223b757365726e616d657c733a343a22736f7261223b66756c6c6e616d657c733a31363a22536f6669205261686d6174756c6c6f68223b6176617461727c733a36343a2268747470733a2f2f6573732e70696e6461642e636f6d2f6173736574732f696d616765732f666f746f5f706567617761695f62756d6e2f30353831372e6a7067223b69735f6c6f67696e7c623a313b6163746f725f69647c733a313a2231223b726f6c657c733a31393a2253757065722041646d696e6973747261746f72223b),
('ej4o14f0ntbsl86uavkgqhjd015t4rrh', '::1', 1660030299, 0x5f5f63695f6c6173745f726567656e65726174657c693a313636303033303238333b757365725f69647c733a313a2231223b757365726e616d657c733a343a22736f7261223b66756c6c6e616d657c733a31363a22536f6669205261686d6174756c6c6f68223b6176617461727c733a36343a2268747470733a2f2f6573732e70696e6461642e636f6d2f6173736574732f696d616765732f666f746f5f706567617761695f62756d6e2f30353831372e6a7067223b69735f6c6f67696e7c623a313b6163746f725f69647c733a313a2231223b726f6c657c733a31393a2253757065722041646d696e6973747261746f72223b),
('4knnl6fisgtailfuhavt537n5adpptvl', '::1', 1660110115, 0x5f5f63695f6c6173745f726567656e65726174657c693a313636303131303131353b757365725f69647c733a313a2231223b757365726e616d657c733a343a22736f7261223b66756c6c6e616d657c733a31363a22536f6669205261686d6174756c6c6f68223b6176617461727c733a36343a2268747470733a2f2f6573732e70696e6461642e636f6d2f6173736574732f696d616765732f666f746f5f706567617761695f62756d6e2f30353831372e6a7067223b69735f6c6f67696e7c623a313b6163746f725f69647c733a313a2231223b726f6c657c733a31393a2253757065722041646d696e6973747261746f72223b),
('6v44g9amrb6rsjav53a89dgqjf7vukok', '::1', 1660110807, 0x5f5f63695f6c6173745f726567656e65726174657c693a313636303131303830373b757365725f69647c733a313a2231223b757365726e616d657c733a343a22736f7261223b66756c6c6e616d657c733a31363a22536f6669205261686d6174756c6c6f68223b6176617461727c733a36343a2268747470733a2f2f6573732e70696e6461642e636f6d2f6173736574732f696d616765732f666f746f5f706567617761695f62756d6e2f30353831372e6a7067223b69735f6c6f67696e7c623a313b6163746f725f69647c733a313a2231223b726f6c657c733a31393a2253757065722041646d696e6973747261746f72223b),
('8df1p3isvpc08kep0dc74p5lagdg57m1', '::1', 1660112362, 0x5f5f63695f6c6173745f726567656e65726174657c693a313636303131323336323b757365725f69647c733a313a2231223b757365726e616d657c733a343a22736f7261223b66756c6c6e616d657c733a31363a22536f6669205261686d6174756c6c6f68223b6176617461727c733a36343a2268747470733a2f2f6573732e70696e6461642e636f6d2f6173736574732f696d616765732f666f746f5f706567617761695f62756d6e2f30353831372e6a7067223b69735f6c6f67696e7c623a313b6163746f725f69647c733a313a2231223b726f6c657c733a31393a2253757065722041646d696e6973747261746f72223b),
('bfjarf89f50m6c37a8ej2bhugmi2fisi', '::1', 1660112675, 0x5f5f63695f6c6173745f726567656e65726174657c693a313636303131323637353b757365725f69647c733a313a2231223b757365726e616d657c733a343a22736f7261223b66756c6c6e616d657c733a31363a22536f6669205261686d6174756c6c6f68223b6176617461727c733a36343a2268747470733a2f2f6573732e70696e6461642e636f6d2f6173736574732f696d616765732f666f746f5f706567617761695f62756d6e2f30353831372e6a7067223b69735f6c6f67696e7c623a313b6163746f725f69647c733a313a2231223b726f6c657c733a31393a2253757065722041646d696e6973747261746f72223b),
('gj6v44ppsq9926ujt3djhvv55m8ghlh2', '::1', 1660113888, 0x5f5f63695f6c6173745f726567656e65726174657c693a313636303131333838383b757365725f69647c733a313a2231223b757365726e616d657c733a343a22736f7261223b66756c6c6e616d657c733a31363a22536f6669205261686d6174756c6c6f68223b6176617461727c733a36343a2268747470733a2f2f6573732e70696e6461642e636f6d2f6173736574732f696d616765732f666f746f5f706567617761695f62756d6e2f30353831372e6a7067223b69735f6c6f67696e7c623a313b6163746f725f69647c733a313a2231223b726f6c657c733a31393a2253757065722041646d696e6973747261746f72223b),
('1m4li5o6hig1udv1pstd40rfop5qe6rp', '::1', 1660114201, 0x5f5f63695f6c6173745f726567656e65726174657c693a313636303131343230313b757365725f69647c733a313a2231223b757365726e616d657c733a343a22736f7261223b66756c6c6e616d657c733a31363a22536f6669205261686d6174756c6c6f68223b6176617461727c733a36343a2268747470733a2f2f6573732e70696e6461642e636f6d2f6173736574732f696d616765732f666f746f5f706567617761695f62756d6e2f30353831372e6a7067223b69735f6c6f67696e7c623a313b6163746f725f69647c733a313a2231223b726f6c657c733a31393a2253757065722041646d696e6973747261746f72223b),
('9v4hvpk8hf05e8r3tv6v8pj0mvu8id6e', '::1', 1660114539, 0x5f5f63695f6c6173745f726567656e65726174657c693a313636303131343533393b757365725f69647c733a313a2231223b757365726e616d657c733a343a22736f7261223b66756c6c6e616d657c733a31363a22536f6669205261686d6174756c6c6f68223b6176617461727c733a36343a2268747470733a2f2f6573732e70696e6461642e636f6d2f6173736574732f696d616765732f666f746f5f706567617761695f62756d6e2f30353831372e6a7067223b69735f6c6f67696e7c623a313b6163746f725f69647c733a313a2231223b726f6c657c733a31393a2253757065722041646d696e6973747261746f72223b),
('uvvuued0vjq9n6klkqt8pj88565n0avf', '::1', 1660117336, 0x5f5f63695f6c6173745f726567656e65726174657c693a313636303131373333363b757365725f69647c733a313a2231223b757365726e616d657c733a343a22736f7261223b66756c6c6e616d657c733a31363a22536f6669205261686d6174756c6c6f68223b6176617461727c733a36343a2268747470733a2f2f6573732e70696e6461642e636f6d2f6173736574732f696d616765732f666f746f5f706567617761695f62756d6e2f30353831372e6a7067223b69735f6c6f67696e7c623a313b6163746f725f69647c733a313a2231223b726f6c657c733a31393a2253757065722041646d696e6973747261746f72223b),
('ej00m1cv5hh4lfv7lesu9vhjkjom1bmj', '::1', 1660118034, 0x5f5f63695f6c6173745f726567656e65726174657c693a313636303131383033343b757365725f69647c733a313a2231223b757365726e616d657c733a343a22736f7261223b66756c6c6e616d657c733a31363a22536f6669205261686d6174756c6c6f68223b6176617461727c733a36343a2268747470733a2f2f6573732e70696e6461642e636f6d2f6173736574732f696d616765732f666f746f5f706567617761695f62756d6e2f30353831372e6a7067223b69735f6c6f67696e7c623a313b6163746f725f69647c733a313a2231223b726f6c657c733a31393a2253757065722041646d696e6973747261746f72223b),
('d13q8bn4n2m1vobgvcf0s73ttv5goec6', '::1', 1660118392, 0x5f5f63695f6c6173745f726567656e65726174657c693a313636303131383339323b757365725f69647c733a313a2231223b757365726e616d657c733a343a22736f7261223b66756c6c6e616d657c733a31363a22536f6669205261686d6174756c6c6f68223b6176617461727c733a36343a2268747470733a2f2f6573732e70696e6461642e636f6d2f6173736574732f696d616765732f666f746f5f706567617761695f62756d6e2f30353831372e6a7067223b69735f6c6f67696e7c623a313b6163746f725f69647c733a313a2231223b726f6c657c733a31393a2253757065722041646d696e6973747261746f72223b),
('vjge8pjavanrvfe9807t510temicb0am', '::1', 1660118698, 0x5f5f63695f6c6173745f726567656e65726174657c693a313636303131383639383b757365725f69647c733a313a2231223b757365726e616d657c733a343a22736f7261223b66756c6c6e616d657c733a31363a22536f6669205261686d6174756c6c6f68223b6176617461727c733a36343a2268747470733a2f2f6573732e70696e6461642e636f6d2f6173736574732f696d616765732f666f746f5f706567617761695f62756d6e2f30353831372e6a7067223b69735f6c6f67696e7c623a313b6163746f725f69647c733a313a2231223b726f6c657c733a31393a2253757065722041646d696e6973747261746f72223b),
('2bj001srfr0kon477ndkit2ick8ndbpm', '::1', 1660119098, 0x5f5f63695f6c6173745f726567656e65726174657c693a313636303131393039383b757365725f69647c733a313a2231223b757365726e616d657c733a343a22736f7261223b66756c6c6e616d657c733a31363a22536f6669205261686d6174756c6c6f68223b6176617461727c733a36343a2268747470733a2f2f6573732e70696e6461642e636f6d2f6173736574732f696d616765732f666f746f5f706567617761695f62756d6e2f30353831372e6a7067223b69735f6c6f67696e7c623a313b6163746f725f69647c733a313a2231223b726f6c657c733a31393a2253757065722041646d696e6973747261746f72223b),
('qi13jjq1v2i5rnsb78upjja1gbjg1uvu', '::1', 1660119117, 0x5f5f63695f6c6173745f726567656e65726174657c693a313636303131393039383b757365725f69647c733a313a2231223b757365726e616d657c733a343a22736f7261223b66756c6c6e616d657c733a31363a22536f6669205261686d6174756c6c6f68223b6176617461727c733a36343a2268747470733a2f2f6573732e70696e6461642e636f6d2f6173736574732f696d616765732f666f746f5f706567617761695f62756d6e2f30353831372e6a7067223b69735f6c6f67696e7c623a313b6163746f725f69647c733a313a2231223b726f6c657c733a31393a2253757065722041646d696e6973747261746f72223b),
('t05g91cahp26hgo8pcp695o4oj8rkvfn', '::1', 1660270833, 0x5f5f63695f6c6173745f726567656e65726174657c693a313636303237303833333b757365725f69647c733a313a2231223b757365726e616d657c733a343a22736f7261223b66756c6c6e616d657c733a31363a22536f6669205261686d6174756c6c6f68223b6176617461727c733a36343a2268747470733a2f2f6573732e70696e6461642e636f6d2f6173736574732f696d616765732f666f746f5f706567617761695f62756d6e2f30353831372e6a7067223b69735f6c6f67696e7c623a313b6163746f725f69647c733a313a2231223b726f6c657c733a31393a2253757065722041646d696e6973747261746f72223b),
('jvr9o6i38h7nnaa3sg12ki1m8na75h14', '::1', 1660271240, 0x5f5f63695f6c6173745f726567656e65726174657c693a313636303237313234303b757365725f69647c733a313a2231223b757365726e616d657c733a343a22736f7261223b66756c6c6e616d657c733a31363a22536f6669205261686d6174756c6c6f68223b6176617461727c733a36343a2268747470733a2f2f6573732e70696e6461642e636f6d2f6173736574732f696d616765732f666f746f5f706567617761695f62756d6e2f30353831372e6a7067223b69735f6c6f67696e7c623a313b6163746f725f69647c733a313a2231223b726f6c657c733a31393a2253757065722041646d696e6973747261746f72223b),
('b5j8s6nirc00bqaoae0qo3vsn2pnv8on', '::1', 1660271542, 0x5f5f63695f6c6173745f726567656e65726174657c693a313636303237313534323b757365725f69647c733a313a2231223b757365726e616d657c733a343a22736f7261223b66756c6c6e616d657c733a31363a22536f6669205261686d6174756c6c6f68223b6176617461727c733a36343a2268747470733a2f2f6573732e70696e6461642e636f6d2f6173736574732f696d616765732f666f746f5f706567617761695f62756d6e2f30353831372e6a7067223b69735f6c6f67696e7c623a313b6163746f725f69647c733a313a2231223b726f6c657c733a31393a2253757065722041646d696e6973747261746f72223b),
('f0i8e3hqb4noiud0o7dunmg87k9cjtk1', '::1', 1660272726, 0x5f5f63695f6c6173745f726567656e65726174657c693a313636303237323732363b757365725f69647c733a313a2231223b757365726e616d657c733a343a22736f7261223b66756c6c6e616d657c733a31363a22536f6669205261686d6174756c6c6f68223b6176617461727c733a36343a2268747470733a2f2f6573732e70696e6461642e636f6d2f6173736574732f696d616765732f666f746f5f706567617761695f62756d6e2f30353831372e6a7067223b69735f6c6f67696e7c623a313b6163746f725f69647c733a313a2231223b726f6c657c733a31393a2253757065722041646d696e6973747261746f72223b),
('g17lbut3b9mujdualulvkrc12s3j4dgq', '::1', 1660273375, 0x5f5f63695f6c6173745f726567656e65726174657c693a313636303237333337353b757365725f69647c733a313a2231223b757365726e616d657c733a343a22736f7261223b66756c6c6e616d657c733a31363a22536f6669205261686d6174756c6c6f68223b6176617461727c733a36343a2268747470733a2f2f6573732e70696e6461642e636f6d2f6173736574732f696d616765732f666f746f5f706567617761695f62756d6e2f30353831372e6a7067223b69735f6c6f67696e7c623a313b6163746f725f69647c733a313a2231223b726f6c657c733a31393a2253757065722041646d696e6973747261746f72223b),
('8iiqo3005gquo67i4ucea0l3dmhvoof2', '::1', 1660273684, 0x5f5f63695f6c6173745f726567656e65726174657c693a313636303237333638343b757365725f69647c733a313a2231223b757365726e616d657c733a343a22736f7261223b66756c6c6e616d657c733a31363a22536f6669205261686d6174756c6c6f68223b6176617461727c733a36343a2268747470733a2f2f6573732e70696e6461642e636f6d2f6173736574732f696d616765732f666f746f5f706567617761695f62756d6e2f30353831372e6a7067223b69735f6c6f67696e7c623a313b6163746f725f69647c733a313a2231223b726f6c657c733a31393a2253757065722041646d696e6973747261746f72223b),
('flcfqaltvuqtsp7ragjd0s1from5kop1', '::1', 1660273991, 0x5f5f63695f6c6173745f726567656e65726174657c693a313636303237333939313b757365725f69647c733a313a2231223b757365726e616d657c733a343a22736f7261223b66756c6c6e616d657c733a31363a22536f6669205261686d6174756c6c6f68223b6176617461727c733a36343a2268747470733a2f2f6573732e70696e6461642e636f6d2f6173736574732f696d616765732f666f746f5f706567617761695f62756d6e2f30353831372e6a7067223b69735f6c6f67696e7c623a313b6163746f725f69647c733a313a2231223b726f6c657c733a31393a2253757065722041646d696e6973747261746f72223b),
('ge0hr0b63r13i395o4trrqeh7q5geajl', '::1', 1660274388, 0x5f5f63695f6c6173745f726567656e65726174657c693a313636303237343338383b757365725f69647c733a313a2231223b757365726e616d657c733a343a22736f7261223b66756c6c6e616d657c733a31363a22536f6669205261686d6174756c6c6f68223b6176617461727c733a36343a2268747470733a2f2f6573732e70696e6461642e636f6d2f6173736574732f696d616765732f666f746f5f706567617761695f62756d6e2f30353831372e6a7067223b69735f6c6f67696e7c623a313b6163746f725f69647c733a313a2231223b726f6c657c733a31393a2253757065722041646d696e6973747261746f72223b),
('069p1md4uflrorf0g2q4m4mmsn542otk', '::1', 1660288376, 0x5f5f63695f6c6173745f726567656e65726174657c693a313636303238383337363b757365725f69647c733a313a2231223b757365726e616d657c733a343a22736f7261223b66756c6c6e616d657c733a31363a22536f6669205261686d6174756c6c6f68223b6176617461727c733a36343a2268747470733a2f2f6573732e70696e6461642e636f6d2f6173736574732f696d616765732f666f746f5f706567617761695f62756d6e2f30353831372e6a7067223b69735f6c6f67696e7c623a313b6163746f725f69647c733a313a2231223b726f6c657c733a31393a2253757065722041646d696e6973747261746f72223b),
('secf7g7lel2tv6d7lbdojh67d4h2jg5p', '::1', 1660288725, 0x5f5f63695f6c6173745f726567656e65726174657c693a313636303238383732353b757365725f69647c733a313a2231223b757365726e616d657c733a343a22736f7261223b66756c6c6e616d657c733a31363a22536f6669205261686d6174756c6c6f68223b6176617461727c733a36343a2268747470733a2f2f6573732e70696e6461642e636f6d2f6173736574732f696d616765732f666f746f5f706567617761695f62756d6e2f30353831372e6a7067223b69735f6c6f67696e7c623a313b6163746f725f69647c733a313a2231223b726f6c657c733a31393a2253757065722041646d696e6973747261746f72223b),
('81mnc37p25lr0730qeaouqqdbp8n6jdi', '::1', 1660289058, 0x5f5f63695f6c6173745f726567656e65726174657c693a313636303238393035383b757365725f69647c733a313a2231223b757365726e616d657c733a343a22736f7261223b66756c6c6e616d657c733a31363a22536f6669205261686d6174756c6c6f68223b6176617461727c733a36343a2268747470733a2f2f6573732e70696e6461642e636f6d2f6173736574732f696d616765732f666f746f5f706567617761695f62756d6e2f30353831372e6a7067223b69735f6c6f67696e7c623a313b6163746f725f69647c733a313a2231223b726f6c657c733a31393a2253757065722041646d696e6973747261746f72223b),
('31qnd28g107el77vj2791f7k0d6rs9s7', '::1', 1660290292, 0x5f5f63695f6c6173745f726567656e65726174657c693a313636303239303239323b757365725f69647c733a313a2231223b757365726e616d657c733a343a22736f7261223b66756c6c6e616d657c733a31363a22536f6669205261686d6174756c6c6f68223b6176617461727c733a36343a2268747470733a2f2f6573732e70696e6461642e636f6d2f6173736574732f696d616765732f666f746f5f706567617761695f62756d6e2f30353831372e6a7067223b69735f6c6f67696e7c623a313b6163746f725f69647c733a313a2231223b726f6c657c733a31393a2253757065722041646d696e6973747261746f72223b),
('tr4o4kcpj3iaac1uqnejrjio1f70rvtt', '::1', 1660290630, 0x5f5f63695f6c6173745f726567656e65726174657c693a313636303239303633303b757365725f69647c733a313a2231223b757365726e616d657c733a343a22736f7261223b66756c6c6e616d657c733a31363a22536f6669205261686d6174756c6c6f68223b6176617461727c733a36343a2268747470733a2f2f6573732e70696e6461642e636f6d2f6173736574732f696d616765732f666f746f5f706567617761695f62756d6e2f30353831372e6a7067223b69735f6c6f67696e7c623a313b6163746f725f69647c733a313a2231223b726f6c657c733a31393a2253757065722041646d696e6973747261746f72223b),
('9grcrb786rvjtknkk2u1glq798la5ik8', '::1', 1660290821, 0x5f5f63695f6c6173745f726567656e65726174657c693a313636303239303633303b757365725f69647c733a313a2231223b757365726e616d657c733a343a22736f7261223b66756c6c6e616d657c733a31363a22536f6669205261686d6174756c6c6f68223b6176617461727c733a36343a2268747470733a2f2f6573732e70696e6461642e636f6d2f6173736574732f696d616765732f666f746f5f706567617761695f62756d6e2f30353831372e6a7067223b69735f6c6f67696e7c623a313b6163746f725f69647c733a313a2231223b726f6c657c733a31393a2253757065722041646d696e6973747261746f72223b);

-- --------------------------------------------------------

--
-- Stand-in struktur untuk tampilan `v_actor_menus`
-- (Lihat di bawah untuk tampilan aktual)
--
DROP VIEW IF EXISTS `v_actor_menus`;
CREATE TABLE IF NOT EXISTS `v_actor_menus` (
`detail_id` int(11)
,`actor_id` int(11)
,`role` varchar(128)
,`menu_id` int(11)
,`link` varchar(128)
,`active_class` varchar(64)
,`icon` varchar(86)
,`label` varchar(128)
,`type` enum('single','parent','child')
,`category` enum('top','master','transaksi','laporan','pengaturan')
,`parent_id` int(11)
,`order_no` int(11)
);

-- --------------------------------------------------------

--
-- Stand-in struktur untuk tampilan `v_login`
-- (Lihat di bawah untuk tampilan aktual)
--
DROP VIEW IF EXISTS `v_login`;
CREATE TABLE IF NOT EXISTS `v_login` (
`user_id` int(11)
,`username` varchar(32)
,`fullname` varchar(128)
,`photo` varchar(255)
,`actor_id` int(11)
,`password` varchar(255)
,`role` varchar(128)
);

-- --------------------------------------------------------

--
-- Stand-in struktur untuk tampilan `v_pembayaran`
-- (Lihat di bawah untuk tampilan aktual)
--
DROP VIEW IF EXISTS `v_pembayaran`;
CREATE TABLE IF NOT EXISTS `v_pembayaran` (
`id_pembayaran` int(11)
,`jumlah_bayar` int(11)
,`waktu_transaksi` datetime
,`id_petugas` int(11)
,`id_detail` int(11)
,`id_tagihan` int(11)
,`id_akun` int(11)
,`catatan` text
,`nominal` int(11)
,`tenggat_waktu` date
,`waktu_pembuatan` datetime
,`waktu_perubahan` datetime
,`user_pembuat` int(11)
,`user_perubah` int(11)
,`kode_akun` varchar(8)
,`nama_akun` varchar(128)
,`id_siswa` int(11)
,`no_induk` varchar(64)
,`nama` varchar(128)
,`jenis_kelamin` enum('L','P')
,`id_kelas` int(11)
,`kelas_tingkat` enum('7','8','9')
,`kelas_label` char(1)
);

-- --------------------------------------------------------

--
-- Stand-in struktur untuk tampilan `v_siswa`
-- (Lihat di bawah untuk tampilan aktual)
--
DROP VIEW IF EXISTS `v_siswa`;
CREATE TABLE IF NOT EXISTS `v_siswa` (
`id_siswa` int(11)
,`no_induk` varchar(64)
,`nama` varchar(128)
,`jenis_kelamin` enum('L','P')
,`id_kelas` int(11)
,`kelas_tingkat` enum('7','8','9')
,`kelas_label` char(1)
);

-- --------------------------------------------------------

--
-- Stand-in struktur untuk tampilan `v_tagihan`
-- (Lihat di bawah untuk tampilan aktual)
--
DROP VIEW IF EXISTS `v_tagihan`;
CREATE TABLE IF NOT EXISTS `v_tagihan` (
`id_tagihan` int(11)
,`id_akun` int(11)
,`catatan` text
,`nominal` int(11)
,`tenggat_waktu` date
,`waktu_pembuatan` datetime
,`waktu_perubahan` datetime
,`user_pembuat` int(11)
,`user_perubah` int(11)
,`kode_akun` varchar(8)
,`nama_akun` varchar(128)
);

-- --------------------------------------------------------

--
-- Stand-in struktur untuk tampilan `v_tagihan_detail`
-- (Lihat di bawah untuk tampilan aktual)
--
DROP VIEW IF EXISTS `v_tagihan_detail`;
CREATE TABLE IF NOT EXISTS `v_tagihan_detail` (
`id_detail` int(11)
,`id_tagihan` int(11)
,`id_akun` int(11)
,`catatan` text
,`nominal` int(11)
,`tenggat_waktu` date
,`waktu_pembuatan` datetime
,`waktu_perubahan` datetime
,`user_pembuat` int(11)
,`user_perubah` int(11)
,`kode_akun` varchar(8)
,`nama_akun` varchar(128)
,`id_siswa` int(11)
,`no_induk` varchar(64)
,`nama` varchar(128)
,`jenis_kelamin` enum('L','P')
,`id_kelas` int(11)
,`kelas_tingkat` enum('7','8','9')
,`kelas_label` char(1)
);

-- --------------------------------------------------------

--
-- Stand-in struktur untuk tampilan `v_users`
-- (Lihat di bawah untuk tampilan aktual)
--
DROP VIEW IF EXISTS `v_users`;
CREATE TABLE IF NOT EXISTS `v_users` (
`user_id` int(11)
,`username` varchar(32)
,`fullname` varchar(128)
,`photo` varchar(255)
,`actor_id` int(11)
,`password` varchar(255)
,`role` varchar(128)
,`is_active` tinyint(1)
);

-- --------------------------------------------------------

--
-- Struktur untuk view `v_actor_menus`
--
DROP TABLE IF EXISTS `v_actor_menus`;

DROP VIEW IF EXISTS `v_actor_menus`;
CREATE ALGORITHM=UNDEFINED DEFINER=`root`@`localhost` SQL SECURITY DEFINER VIEW `v_actor_menus`  AS  select `dt`.`detail_id` AS `detail_id`,`ac`.`actor_id` AS `actor_id`,`ac`.`role` AS `role`,`mn`.`menu_id` AS `menu_id`,`mn`.`link` AS `link`,`mn`.`active_class` AS `active_class`,`mn`.`icon` AS `icon`,`mn`.`label` AS `label`,`mn`.`type` AS `type`,`mn`.`category` AS `category`,`mn`.`parent_id` AS `parent_id`,`mn`.`order_no` AS `order_no` from ((`actors` `ac` join `actor_details` `dt`) join `menus` `mn`) where ((`ac`.`actor_id` = `dt`.`actor_id`) and (`dt`.`menu_id` = `mn`.`menu_id`)) ;

-- --------------------------------------------------------

--
-- Struktur untuk view `v_login`
--
DROP TABLE IF EXISTS `v_login`;

DROP VIEW IF EXISTS `v_login`;
CREATE ALGORITHM=UNDEFINED DEFINER=`root`@`localhost` SQL SECURITY DEFINER VIEW `v_login`  AS  select `u`.`user_id` AS `user_id`,`u`.`username` AS `username`,`u`.`fullname` AS `fullname`,`u`.`photo` AS `photo`,`u`.`actor_id` AS `actor_id`,`u`.`password` AS `password`,`act`.`role` AS `role` from (`users` `u` join `actors` `act`) where ((`u`.`actor_id` = `act`.`actor_id`) and (`u`.`is_active` = TRUE)) ;

-- --------------------------------------------------------

--
-- Struktur untuk view `v_pembayaran`
--
DROP TABLE IF EXISTS `v_pembayaran`;

DROP VIEW IF EXISTS `v_pembayaran`;
CREATE ALGORITHM=UNDEFINED DEFINER=`root`@`localhost` SQL SECURITY DEFINER VIEW `v_pembayaran`  AS  select `b`.`id_pembayaran` AS `id_pembayaran`,`b`.`nominal` AS `jumlah_bayar`,`b`.`waktu_transaksi` AS `waktu_transaksi`,`b`.`id_petugas` AS `id_petugas`,`t`.`id_detail` AS `id_detail`,`t`.`id_tagihan` AS `id_tagihan`,`t`.`id_akun` AS `id_akun`,`t`.`catatan` AS `catatan`,`t`.`nominal` AS `nominal`,`t`.`tenggat_waktu` AS `tenggat_waktu`,`t`.`waktu_pembuatan` AS `waktu_pembuatan`,`t`.`waktu_perubahan` AS `waktu_perubahan`,`t`.`user_pembuat` AS `user_pembuat`,`t`.`user_perubah` AS `user_perubah`,`t`.`kode_akun` AS `kode_akun`,`t`.`nama_akun` AS `nama_akun`,`t`.`id_siswa` AS `id_siswa`,`t`.`no_induk` AS `no_induk`,`t`.`nama` AS `nama`,`t`.`jenis_kelamin` AS `jenis_kelamin`,`t`.`id_kelas` AS `id_kelas`,`t`.`kelas_tingkat` AS `kelas_tingkat`,`t`.`kelas_label` AS `kelas_label` from (`v_tagihan_detail` `t` join `pembayaran` `b` on((`t`.`id_detail` = `b`.`id_tagihan`))) ;

-- --------------------------------------------------------

--
-- Struktur untuk view `v_siswa`
--
DROP TABLE IF EXISTS `v_siswa`;

DROP VIEW IF EXISTS `v_siswa`;
CREATE ALGORITHM=UNDEFINED DEFINER=`root`@`localhost` SQL SECURITY DEFINER VIEW `v_siswa`  AS  select `s`.`id_siswa` AS `id_siswa`,`s`.`no_induk` AS `no_induk`,`s`.`nama` AS `nama`,`s`.`jenis_kelamin` AS `jenis_kelamin`,`s`.`id_kelas` AS `id_kelas`,`k`.`tingkat` AS `kelas_tingkat`,`k`.`label` AS `kelas_label` from (`siswa` `s` join `kelas` `k` on((`s`.`id_kelas` = `k`.`id_kelas`))) ;

-- --------------------------------------------------------

--
-- Struktur untuk view `v_tagihan`
--
DROP TABLE IF EXISTS `v_tagihan`;

DROP VIEW IF EXISTS `v_tagihan`;
CREATE ALGORITHM=UNDEFINED DEFINER=`root`@`localhost` SQL SECURITY DEFINER VIEW `v_tagihan`  AS  select `t`.`id_tagihan` AS `id_tagihan`,`t`.`id_akun` AS `id_akun`,`t`.`catatan` AS `catatan`,`t`.`nominal` AS `nominal`,`t`.`tenggat_waktu` AS `tenggat_waktu`,`t`.`waktu_pembuatan` AS `waktu_pembuatan`,`t`.`waktu_perubahan` AS `waktu_perubahan`,`t`.`user_pembuat` AS `user_pembuat`,`t`.`user_perubah` AS `user_perubah`,`j`.`kode_akun` AS `kode_akun`,`j`.`nama_akun` AS `nama_akun` from (`tagihan` `t` join `jenis_pembayaran` `j` on((`t`.`id_akun` = `j`.`id_akun`))) where (`j`.`is_active` = TRUE) ;

-- --------------------------------------------------------

--
-- Struktur untuk view `v_tagihan_detail`
--
DROP TABLE IF EXISTS `v_tagihan_detail`;

DROP VIEW IF EXISTS `v_tagihan_detail`;
CREATE ALGORITHM=UNDEFINED DEFINER=`root`@`localhost` SQL SECURITY DEFINER VIEW `v_tagihan_detail`  AS  select `d`.`id_detail` AS `id_detail`,`t`.`id_tagihan` AS `id_tagihan`,`t`.`id_akun` AS `id_akun`,`t`.`catatan` AS `catatan`,`t`.`nominal` AS `nominal`,`t`.`tenggat_waktu` AS `tenggat_waktu`,`t`.`waktu_pembuatan` AS `waktu_pembuatan`,`t`.`waktu_perubahan` AS `waktu_perubahan`,`t`.`user_pembuat` AS `user_pembuat`,`t`.`user_perubah` AS `user_perubah`,`t`.`kode_akun` AS `kode_akun`,`t`.`nama_akun` AS `nama_akun`,`s`.`id_siswa` AS `id_siswa`,`s`.`no_induk` AS `no_induk`,`s`.`nama` AS `nama`,`s`.`jenis_kelamin` AS `jenis_kelamin`,`s`.`id_kelas` AS `id_kelas`,`s`.`kelas_tingkat` AS `kelas_tingkat`,`s`.`kelas_label` AS `kelas_label` from ((`v_tagihan` `t` join `tagihan_detail` `d`) join `v_siswa` `s`) where ((`t`.`id_tagihan` = `d`.`id_tagihan`) and (`d`.`id_siswa` = `s`.`id_siswa`)) ;

-- --------------------------------------------------------

--
-- Struktur untuk view `v_users`
--
DROP TABLE IF EXISTS `v_users`;

DROP VIEW IF EXISTS `v_users`;
CREATE ALGORITHM=UNDEFINED DEFINER=`root`@`localhost` SQL SECURITY DEFINER VIEW `v_users`  AS  select `u`.`user_id` AS `user_id`,`u`.`username` AS `username`,`u`.`fullname` AS `fullname`,`u`.`photo` AS `photo`,`u`.`actor_id` AS `actor_id`,`u`.`password` AS `password`,`act`.`role` AS `role`,`u`.`is_active` AS `is_active` from (`users` `u` join `actors` `act` on((`u`.`actor_id` = `act`.`actor_id`))) ;

--
-- Ketidakleluasaan untuk tabel pelimpahan (Dumped Tables)
--

--
-- Ketidakleluasaan untuk tabel `actor_details`
--
ALTER TABLE `actor_details`
  ADD CONSTRAINT `actor_details_ibfk_1` FOREIGN KEY (`actor_id`) REFERENCES `actors` (`actor_id`) ON DELETE CASCADE ON UPDATE CASCADE,
  ADD CONSTRAINT `actor_details_ibfk_2` FOREIGN KEY (`menu_id`) REFERENCES `menus` (`menu_id`) ON DELETE CASCADE ON UPDATE CASCADE;

--
-- Ketidakleluasaan untuk tabel `pembayaran`
--
ALTER TABLE `pembayaran`
  ADD CONSTRAINT `pembayaran_ibfk_1` FOREIGN KEY (`id_tagihan`) REFERENCES `tagihan_detail` (`id_detail`) ON DELETE CASCADE ON UPDATE CASCADE,
  ADD CONSTRAINT `pembayaran_ibfk_2` FOREIGN KEY (`id_petugas`) REFERENCES `users` (`user_id`) ON DELETE SET NULL ON UPDATE CASCADE;

--
-- Ketidakleluasaan untuk tabel `siswa`
--
ALTER TABLE `siswa`
  ADD CONSTRAINT `siswa_ibfk_1` FOREIGN KEY (`id_kelas`) REFERENCES `kelas` (`id_kelas`) ON UPDATE CASCADE;

--
-- Ketidakleluasaan untuk tabel `tagihan`
--
ALTER TABLE `tagihan`
  ADD CONSTRAINT `tagihan_ibfk_1` FOREIGN KEY (`id_akun`) REFERENCES `jenis_pembayaran` (`id_akun`) ON UPDATE CASCADE;

--
-- Ketidakleluasaan untuk tabel `tagihan_detail`
--
ALTER TABLE `tagihan_detail`
  ADD CONSTRAINT `tagihan_detail_ibfk_1` FOREIGN KEY (`id_siswa`) REFERENCES `siswa` (`id_siswa`) ON DELETE CASCADE ON UPDATE CASCADE,
  ADD CONSTRAINT `tagihan_detail_ibfk_2` FOREIGN KEY (`id_tagihan`) REFERENCES `tagihan` (`id_tagihan`) ON DELETE CASCADE ON UPDATE CASCADE;

--
-- Ketidakleluasaan untuk tabel `users`
--
ALTER TABLE `users`
  ADD CONSTRAINT `users_ibfk_1` FOREIGN KEY (`actor_id`) REFERENCES `actors` (`actor_id`) ON DELETE SET NULL ON UPDATE CASCADE;
COMMIT;

/*!40101 SET CHARACTER_SET_CLIENT=@OLD_CHARACTER_SET_CLIENT */;
/*!40101 SET CHARACTER_SET_RESULTS=@OLD_CHARACTER_SET_RESULTS */;
/*!40101 SET COLLATION_CONNECTION=@OLD_COLLATION_CONNECTION */;
